{
  "project_info": {
    "project_number": "640748387255",
    "firebase_url": "https://aaokabhiparkkarne.firebaseio.com",
    "project_id": "aaokabhiparkkarne",
    "storage_bucket": "aaokabhiparkkarne.appspot.com"
  },
  "client": [
    {
      "client_info": {
        "mobilesdk_app_id": "1:640748387255:android:34ea73bad7d0d02c44c632",
        "android_client_info": {
          "package_name": "com.example.aaokabhiparkkarne"
        }
      },
      "oauth_client": [
        {
          "client_id": "640748387255-k5596in13kftn3crt30denrmjb3f152u.apps.googleusercontent.com",
          "client_type": 3
        }
      ],
      "api_key": [
        {
          "current_key": "AIzaSyAg60syYMphsS6d5ZepAYwB5LWLUdJDjG4"
        }
      ],
      "services": {
        "appinvite_service": {
          "other_platform_oauth_client": [
            {
              "client_id": "640748387255-k5596in13kftn3crt30denrmjb3f152u.apps.googleusercontent.com",
              "client_type": 3
            }
          ]
        }
      }
    }
  ],
  "configuration_version": "1"
}